first_name,last_name,year_of_birth,name_raw,party,electorate,state,years_in_office,approx_age
Basem,Abdo,NA,"Basem Abdo
(born ?)",Labor,Calwell,Vic,2025–current,NA
Anthony,Albanese,1963,"Anthony Albanese
(born 1963)",Labor,Grayndler,NSW,1996–current,62
Mary,Aldred,NA,"Mary Aldred
(born ?)",Liberal,Monash,Vic,2025–current,NA
Anne,Aly,1967,"Anne Aly
(born 1967)",Labor,Cowan,WA,2016–current,58
Ash,Ambihaipahar,NA,"Ash Ambihaipahar
(born ?)",Labor,Barton,NSW,2025–current,NA
David,Batt,NA,"David Batt
(born ?)",National[a],Hinkler,Qld,2025–current,NA
Angie,Bell,1968,"Angie Bell
(born 1968)",Liberal[b],Moncrieff,Qld,2019–current,57
Jodie,Belyea,NA,"Jodie Belyea
(born ?)",Labor,Dunkley,Vic,2024–current,NA
Carol,Berry,NA,"Carol Berry
(born ?)",Labor,Whitlam,NSW,2025–current,NA
Sam,Birrell,1975,"Sam Birrell
(born 1975)",National,Nicholls,Vic,2022–current,50
Nicolette,Boele,1970,"Nicolette Boele
(born 1970)",Independent,Bradfield,NSW,2025–current,55
Chris,Bowen,1973,"Chris Bowen
(born 1973)",Labor,McMahon,NSW,2004–current,52
Colin,Boyce,1962,"Colin Boyce
(born 1962)",National[a],Flynn,Qld,2022–current,63
Jo,Briskey,NA,"Jo Briskey
(born ?)",Labor,Maribyrnong,Vic,2025–current,NA
Scott,Buchholz,1968,"Scott Buchholz
(born 1968)",Liberal[b],Wright,Qld,2010–current,57
Tony,Burke,1969,"Tony Burke
(born 1969)",Labor,Watson,NSW,2004–current,56
Matt,Burnell,1978,"Matt Burnell
(born 1978)",Labor,Spence,SA,2022–current,47
Josh,Burns,1987,"Josh Burns
(born 1987)",Labor,Macnamara,Vic,2019–current,38
Mark,Butler,1970,"Mark Butler
(born 1970)",Labor,Hindmarsh,SA,2007–current,55
Alison,Byrnes,1974,"Alison Byrnes
(born 1974)",Labor,Cunningham,NSW,2022–current,51
Cameron,Caldwell,1979,"Cameron Caldwell
(born 1979)",Liberal[b],Fadden,Qld,2023–current,46
Julie-Ann,Campbell,NA,"Julie-Ann Campbell
(born ?)",Labor,Moreton,Qld,2025–current,NA
Jamie,Chaffey,NA,"Jamie Chaffey
(born ?)",National,Parkes,NSW,2025–current,NA
Jim,Chalmers,1978,"Jim Chalmers
(born 1978)",Labor,Rankin,Qld,2013–current,47
Kate,Chaney,1975,"Kate Chaney
(born 1975)",Independent,Curtin,WA,2022–current,50
Andrew,Charlton,1978,"Andrew Charlton
(born 1978)",Labor,Parramatta,NSW,2022–current,47
Darren,Chester,1967,"Darren Chester
(born 1967)",National,Gippsland,Vic,2008–current,58
Lisa,Chesters,1980,"Lisa Chesters
(born 1980)",Labor,Bendigo,Vic,2013–current,45
Jason,Clare,1972,"Jason Clare
(born 1972)",Labor,Blaxland,NSW,2007–current,53
Sharon,Claydon,1964,"Sharon Claydon
(born 1964)",Labor,Newcastle,NSW,2013–current,61
Claire,Clutterham,NA,"Claire Clutterham
(born ?)",Labor,Sturt,SA,2025–current,NA
Renee,Coffey,NA,"Renee Coffey
(born ?)",Labor,Griffith,Qld,2025–current,NA
Libby,Coker,1962,"Libby Coker
(born 1962)",Labor,Corangamite,Vic,2019–current,63
Julie,Collins,1971,"Julie Collins
(born 1971)",Labor,Franklin,Tas,2007–current,54
Emma,Comer,NA,"Emma Comer
(born ?)",Labor,Petrie,Qld,2025–current,NA
Pat,Conaghan,1971,"Pat Conaghan
(born 1971)",National,Cowper,NSW,2019–current,54
Pat,Conroy,1979,"Pat Conroy
(born 1979)",Labor,Shortland,NSW,2013–current,46
Kara,Cook,1985,"Kara Cook
(born 1985)",Labor,Bonner,Qld,2025–current,40
Trish,Cook,NA,"Trish Cook
(born ?)",Labor,Bullwinkel,WA,2025–current,NA
Milton,Dick,1972,"Milton Dick
(born 1972)",Labor,Oxley,Qld,2016–current,53
Mary,Doyle,1970,"Mary Doyle
(born 1970)",Labor,Aston,Vic,2023–current,55
Mark,Dreyfus,1956,"Mark Dreyfus
(born 1956)",Labor,Isaacs,Vic,2007–current,69
Justine,Elliot,1967,"Justine Elliot
(born 1967)",Labor,Richmond,NSW,2004–current,58
Cassandra,Fernando,1987,"Cassandra Fernando
(born 1987)",Labor,Holt,Vic,2022–current,38
Ali,France,1973,"Ali France
(born 1973)",Labor,Dickson,Qld,2025–current,52
Mike,Freelander,1953,"Mike Freelander
(born 1953)",Labor,Macarthur,NSW,2016–current,72
Tom,French,NA,"Tom French
(born ?)",Labor,Moore,WA,2025–current,NA
Carina,Garland,NA,"Carina Garland
(born ?)",Labor,Chisholm,Vic,2022–current,NA
Andrew,Gee,1968,"Andrew Gee
(born 1968)",Independent,Calare,NSW,2016–current,57
Steve,Georganas,1959,"Steve Georganas
(born 1959)",Labor,Adelaide,SA,2004–2013;2016–current,66
Andrew,Giles,1973,"Andrew Giles
(born 1973)",Labor,Scullin,Vic,2013–current,52
Patrick,Gorman,1984,"Patrick Gorman
(born 1984)",Labor,Perth,WA,2018–current,41
Luke,Gosling,1971,"Luke Gosling
(born 1971)",Labor,Solomon,NT,2016–current,54
Matt,Gregg,NA,"Matt Gregg
(born ?)",Labor,Deakin,Vic,2025–current,NA
Helen,Haines,1961,"Helen Haines
(born 1961)",Independent,Indi,Vic,2019–current,64
Garth,Hamilton,1979,"Garth Hamilton
(born 1979)",Liberal[b],Groom,Qld,2020–current,46
Andrew,Hastie,1982,"Andrew Hastie
(born 1982)",Liberal,Canning,WA,2015–current,43
Alex,Hawke,1977,"Alex Hawke
(born 1977)",Liberal,Mitchell,NSW,2007–current,48
Julian,Hill,1973,"Julian Hill
(born 1973)",Labor,Bruce,Vic,2016–current,52
Kevin,Hogan,1963,"Kevin Hogan
(born 1963)",National,Page,NSW,2013–current,62
Rowan,Holzberger,1973,"Rowan Holzberger
(born 1973)",Labor,Forde,Qld,2025–current,52
Ed,Husic,1970,"Ed Husic
(born 1970)",Labor,Chifley,NSW,2010–current,55
Madonna,Jarrett,NA,"Madonna Jarrett
(born ?)",Labor,Brisbane,Qld,2025–current,NA
Alice,Jordan-Baird,1993,"Alice Jordan-Baird
(born 1993)",Labor,Gorton,Vic,2025–current,32
Barnaby,Joyce,1967,"Barnaby Joyce
(born 1967)",National,New England,NSW,2013–2017;2017–current,58
Bob,Katter,1945,"Bob Katter
(born 1945)",Katter's Australian,Kennedy,Qld,1993–current,80
Ged,Kearney,1963,"Ged Kearney
(born 1963)",Labor,Cooper,Vic,2018–current,62
Simon,Kennedy,1982,"Simon Kennedy
(born 1982)",Liberal,Cook,NSW,2024–current,43
Matt,Keogh,1981,"Matt Keogh
(born 1981)",Labor,Burt,WA,2016–current,44
Peter,Khalil,1973,"Peter Khalil
(born 1973)",Labor,Wills,Vic,2016–current,52
Catherine,King,1966,"Catherine King
(born 1966)",Labor,Ballarat,Vic,2001–current,59
Madeleine,King,1973,"Madeleine King
(born 1973)",Labor,Brand,WA,2016–current,52
Michelle,Landry,1962,"Michelle Landry
(born 1962)",National[a],Capricornia,Qld,2013–current,63
Tania,Lawrence,1973,"Tania Lawrence
(born 1973)",Labor,Hasluck,WA,2022–current,52
Jerome,Laxale,1983,"Jerome Laxale
(born 1983)",Labor,Bennelong,NSW,2022–current,42
Dai,Le,1968,"Dai Le
(born 1968)",Independent,Fowler,NSW,2022–current,57
Julian,Leeser,1976,"Julian Leeser
(born 1976)",Liberal,Berowra,NSW,2016–current,49
Andrew,Leigh,1972,"Andrew Leigh
(born 1972)",Labor,Fenner,ACT,2010–current,53
Sussan,Ley,1961,"Sussan Ley
(born 1961)",Liberal,Farrer,NSW,2001–current,64
Sam,Lim,1961,"Sam Lim
(born 1961)",Labor,Tangney,WA,2022–current,64
David,Littleproud,1976,"David Littleproud
(born 1976)",National[a],Maranoa,Qld,2016–current,49
Richard,Marles,1967,"Richard Marles
(born 1967)",Labor,Corio,Vic,2007–current,58
Zaneta,Mascarenhas,1980,"Zaneta Mascarenhas
(born 1980)",Labor,Swan,WA,2022–current,45
Kristy,McBain,1982,"Kristy McBain 
(born 1982)",Labor,Eden-Monaro,NSW,2020–current,43
Emma,McBride,1975,"Emma McBride
(born 1975)",Labor,Dobell,NSW,2016–current,50
Michael,McCormack,1964,"Michael McCormack
(born 1964)",National,Riverina,NSW,2010–current,61
Melissa,McIntosh,1977,"Melissa McIntosh
(born 1977)",Liberal,Lindsay,NSW,2019–current,48
Zoe,McKenzie,1972,"Zoe McKenzie
(born1972)",Liberal,Flinders,Vic,2022-current,53
Louise,Miller-Frost,1967,"Louise Miller-Frost
(born 1967)",Labor,Boothby,SA,2022–current,58
Rob,Mitchell,1967,"Rob Mitchell
(born 1967)",Labor,McEwen,Vic,2010–current,58
David,Moncrieff,NA,"David Moncrieff
(born ?)",Labor,Hughes,NSW,2025–current,NA
Daniel,Mulino,1969,"Daniel Mulino
(born 1969)",Labor,Fraser,Vic,2019–current,56
Shayne,Neumann,1961,"Shayne Neumann
(born 1961)",Labor,Blair,Qld,2007–current,64
Gabriel,Ng,NA,"Gabriel Ng
(born ?)",Labor,Menzies,Vic,2025–current,NA
Llew,O'Brien,1972,"Llew O'Brien
(born 1972)",National[a],Wide Bay,Qld,2016–current,53
Ted,O'Brien,1974,"Ted O'Brien
(born 1974)",Liberal[b],Fairfax,Qld,2016–current,51
Clare,O'Neil,1980,"Clare O'Neil
(born 1980)",Labor,Hotham,Vic,2013–current,45
Tony,Pasin,1977,"Tony Pasin
(born 1977)",Liberal,Barker,SA,2013–current,48
Alicia,Payne,1982,"Alicia Payne
(born 1982)",Labor,Canberra,ACT,2019–current,43
Alison,Penfold,NA,"Alison Penfold
(born ?)",National,Lyne,NSW,2025–current,NA
Fiona,Phillips,1970,"Fiona Phillips
(born 1970)",Labor,Gilmore,NSW,2019–current,55
Henry,Pike,1987,"Henry Pike
(born 1987)",Liberal[b],Bowman,Qld,2022–current,38
Tanya,Plibersek,1969,"Tanya Plibersek
(born 1969)",Labor,Sydney,NSW,1998–current,56
Melissa,Price,1963,"Melissa Price
(born 1963)",Liberal,Durack,WA,2013–current,62
Sam,Rae,1986,"Sam Rae
(born 1986)",Labor,Hawke,Vic,2022–current,39
Leon,Rebello,1995,"Leon Rebello
(born 1995)",Liberal[b],McPherson,Qld,2025–current,30
Gordon,Reid,1992,"Gordon Reid
(born 1992)",Labor,Robertson,NSW,2022–current,33
Dan,Repacholi,1982,"Dan Repacholi
(born 1982)",Labor,Hunter,NSW,2022–current,43
Amanda,Rishworth,1978,"Amanda Rishworth
(born 1978)",Labor,Kingston,SA,2007–current,47
Tracey,Roberts,NA,"Tracey Roberts
(born ?)",Labor,Pearce,WA,2022–current,NA
Michelle,Rowland,1971,"Michelle Rowland
(born 1971)",Labor,Greenway,NSW,2010–current,54
Joanne,Ryan,1961,"Joanne Ryan
(born 1961)",Labor,Lalor,Vic,2013–current,64
Monique,Ryan,1967,"Monique Ryan
(born 1967)",Independent,Kooyong,Vic,2022–current,58
Sophie,Scamps,1971,"Sophie Scamps
(born 1971)",Independent,Mackellar,NSW,2022–current,54
Marion,Scrymgour,1960,"Marion Scrymgour
(born 1960)",Labor,Lingiari,NT[c],2022–current,65
Rebekha,Sharkie,1972,"Rebekha Sharkie
(born 1972)",Centre Alliance,Mayo,SA,2016–2018;2018–current,53
Sally,Sitou,1982,"Sally Sitou
(born 1982)",Labor,Reid,NSW,2022–current,43
Ben,Small,1988,"Ben Small
(born 1988)",Liberal,Forrest,WA,2025–current,37
David,Smith,1970,"David Smith
(born 1970)",Labor,Bean,ACT[d],2019–current,55
Matt,Smith,1979,"Matt Smith
(born 1979)",Labor,Leichhardt,Qld,2025–current,46
Zhi,Soon,NA,"Zhi Soon
(born ?)",Labor,Banks,NSW,2025–current,NA
Allegra,Spender,1978,"Allegra Spender
(born 1978)",Independent,Wentworth,NSW,2022–current,47
Anne,Stanley,1961,"Anne Stanley
(born 1961)",Labor,Werriwa,NSW,2016–current,64
Zali,Steggall,1974,"Zali Steggall
(born 1974)",Independent,Warringah,NSW,2019–current,51
Meryl,Swanson,1970,"Meryl Swanson
(born 1970)",Labor,Paterson,NSW,2016–current,55
Angus,Taylor,1966,"Angus Taylor
(born 1966)",Liberal,Hume,NSW,2013–current,59
Jess,Teesdale,NA,"Jess Teesdale
(born ?)",Labor,Bass,Tas,2025–current,NA
Dan,Tehan,1968,"Dan Tehan
(born 1968)",Liberal,Wannon,Vic,2010–current,57
Susan,Templeman,1963,"Susan Templeman
(born 1963)",Labor,Macquarie,NSW,2016–current,62
Matt,Thistlethwaite,1972,"Matt Thistlethwaite
(born 1972)",Labor,Kingsford Smith,NSW,2013–current,53
Phillip,Thompson,1988,"Phillip Thompson
(born 1988)",Liberal[b],Herbert,Qld,2019–current,37
Kate,Thwaites,1980,"Kate Thwaites
(born 1980)",Labor,Jagajaga,Vic,2019–current,45
Anne,Urquhart,1957,"Anne Urquhart
(born 1957)",Labor,Braddon,Tas,2025–current,68
Tom,Venning,NA,"Tom Venning
(born ?)",Liberal,Grey,SA,2025–current,NA
Aaron,Violi,1984,"Aaron Violi
(born 1984)",Liberal,Casey,Vic,2022–current,41
Andrew,Wallace,1968,"Andrew Wallace
(born 1968)",Liberal[b],Fisher,Qld,2016–current,57
Elizabeth,Watson-Brown,1956,"Elizabeth Watson-Brown
(born 1956)",Greens,Ryan,Qld,2022–current,69
Tim,Watts,1982,"Tim Watts
(born 1982)",Labor,Gellibrand,Vic,2013–current,43
Anne,Webster,1959,"Anne Webster
(born 1959)",National,Mallee,Vic,2019–current,66
Anika,Wells,1985,"Anika Wells
(born 1985)",Labor,Lilley,Qld,2019–current,40
Rebecca,White,1983,"Rebecca White
(born 1983)",Labor,Lyons,Tas,2025–current,42
Andrew,Willcox,1969,"Andrew Willcox 
(born 1969)",National[a],Dawson,Qld,2022–current,56
Andrew,Wilkie,1961,"Andrew Wilkie
(born 1961)",Independent,Clark,Tas,2010–current,64
Josh,Wilson,1972,"Josh Wilson
(born 1972)",Labor,Fremantle,WA,2016–2018;2018–current,53
Rick,Wilson,1966,"Rick Wilson
(born 1966)",Liberal,O'Connor,WA,2013–current,59
Tim,Wilson,1980,"Tim Wilson
(born 1980)",Liberal,Goldstein,Vic,2016–2022;2025–current,45
Sarah,Witty,1972,"Sarah Witty
(born 1972)",Labor,Melbourne,Vic,2025–current,53
Jason,Wood,1968,"Jason Wood
(born 1968)",Liberal,La Trobe,Vic,2004–2010;2013–current,57
Terry,Young,1968,"Terry Young
(born1968)",Liberal,Longman,Qld,2019-current,57
Tony,Zappia,1952,"Tony Zappia
(born 1952)",Labor,Makin,SA,2007–current,73
